"Species_name","Accepted_name","Family","Tribe","Frequency","Freq_rural","Freq_suburb","Freq_urban","Status_Berlin","first_evidence","Flowering_beg","Flowering_end","fl_period","phenology_score","main_pollination","Mueller_flower_type","pollen_score","trait_source","allergenicity_strict","allergenicity","allergen_score","PAV","IUIS","SDAP","Allergenonline","Allergome","AllFam","additional_ref","react_europe_Allergome","FDA_allergen_code","ref_severity","Comment_severity","molecule_unknown"
"Achillea millefolium","Achillea_millefolium","Asteraceae","Anthemideae",34,12,10,12,"I",,"June","October",4,3,"insects","B` (flower associations with totally hidden nectar)Typical pollinators: bees, bumble bees, wasps, bombylides, syrphids",1,"BioFlor- 2018",0,1,1,3,0,0,0,0,0,1,"",1274,"Kiistala 1999; Compes 2006","severity unclear; extrapolate from slight cross reactivity with other Asteraceae",1
"Agrimonia eupatoria","Agrimonia_eupatoria","Rosaceae","Sanguisorbeae",1,0,1,0,"I",,"June","September",3,3,"insects-selfing","Po (pollen flowers)Typical pollinators: short tongued bees, syrphids, flies, beetles",1,"BioFlor- 2018",0,0,0,0,0,0,0,0,0,0,"",,"","",0
"Agrostis capillaris","Agrostis_capillaris","Poaceae","Poeae",36,17,11,8,"I",,"June","July",1,1,"wind","W (wind flowers)Typical pollinators: -",3,"BioFlor- 2018",1,1,3,9,0,0,0,1,0,1,,599,"Weber 2004","cross-reactivity with other Pooideae",0
"Agrostis gigantea","Agrostis_gigantea","Poaceae","Poeae",4,1,1,2,"I",,"June","July",1,1,"wind","W (wind flowers)Typical pollinators: -",3,"BioFlor- 2018",1,1,3,9,0,0,0,1,0,1,,,"Weber 2004","cross-reactivity with other Pooideae",0
"Agrostis stolonifera","Agrostis_stolonifera","Poaceae","Poeae",1,0,0,1,"I",,"June","July",1,1,"wind","W (wind flowers)Typical pollinators: -",3,"BioFlor- 2018",1,1,3,9,0,0,0,1,0,1,,600,"Weber 2004","cross-reactivity with other Pooideae",0
"Ajuga genevensis","Ajuga_genevensis","Lamiaceae",,1,0,1,0,"I",,"April","June",2,2,"insects","Hh (bumble bee flowers)Typical pollinators: bumble bees",1,"BioFlor- 2018",0,0,0,0,0,0,0,0,0,0,"",,"","",0
"Ambrosia coronopifolia","Ambrosia_psilostachya","Asteraceae","Heliantheae",2,0,0,2,"N",1946,"August","October",2,2,"wind","W (wind flowers)Typical pollinators: -",3,"BioFlor- 2018",1,1,4,24,1,1,1,1,1,1,"40%",1189,"Weber 2004","Major allergen; cross-reactivity with otehr Ragweeds",0
"Anchusa officinalis","Anchusa_officinalis","Boraginaceae","Boragineae",6,1,1,4,"A",,"May","August",3,3,"insects","H (hymenoptere flowers)Typical pollinators: hymenopteres",1,"BioFlor- 2018",0,0,0,0,0,0,0,0,0,0,"",,"","",0
"Anthoxanthum odoratum","Anthoxanthum_odoratum","Poaceae","Poeae",2,2,0,0,"I",,"May","June",1,1,"wind","W (wind flowers)Typical pollinators: -",3,"BioFlor- 2018",1,1,4,12,1,1,1,1,1,1,"64%",,"Weber 2004; Niederberger 1998","cross-reactivity with other Pooideae; Allergome; IUIS",0
"Anthriscus caucalis","Anthriscus_caucalis","Apiaceae","Scandiceae",1,0,0,1,"A",,"May","June",1,1,"insects-selfing","A (flowers with open nectar)Typical pollinators: beetles, flies, syrphids, wasps, medium tongued bees",1,"BioFlor- 2018",0,0,0,0,0,0,0,0,0,0,"",,"","",0
"Arabidopsis arenosa subsp. arenosa","Arabidopsis_arenosa_subsp._arenosa","Brassicaceae",,1,0,0,1,"I",,"April","August",4,3,"insects","AB (flowers with partly hidden nectar)Typical pollinators: syrphids, bees",1,"BioFlor- 2018",0,1,1,3,0,0,0,0,0,1,"",,"Chardin 2013","(reference for A. thaliana) - extended for the genus",0
"Arabidopsis thaliana","Arabidopsis_thaliana","Brassicaceae","Camelineae",28,12,8,8,"A",,"April","May",1,1,"insects-selfing","AB (flowers with partly hidden nectar)Typical pollinators: syrphids, bees",1,"BioFlor- 2018",1,1,1,1,0,1,0,1,0,1,,,"Chardin 2003","possible allergen only",0
"Arenaria serpyllifolia","Arenaria_serpyllifolia","Caryophyllaceae","Arenarieae",32,10,7,15,"I",,"May","September",4,3,"insects-selfing","AB (flowers with partly hidden nectar)Typical pollinators: syrphids, bees",1,"BioFlor- 2018",0,0,0,0,0,0,0,0,0,0,"",,"","",0
"Armeria maritima subsp. elongata","Armeria_vulgaris","Plumbaginaceae",,7,0,3,4,"I",,"May","November",6,3,"selfing",,0,"BioFlor- 2018",0,0,0,0,0,0,0,0,0,0,"",,"","",0
"Arrhenatherum elatius","Arrhenatherum_elatius","Poaceae","Poeae",9,3,2,4,"N",1787,"June","October",4,3,"wind","W (wind flowers)Typical pollinators: -",3,"BioFlor- 2018",1,1,3,27,0,0,0,1,0,1,,663,"Weber 2004","cross-reactivity with other Pooideae",0
"Artemisia campestris","Artemisia_campestris","Asteraceae","Anthemideae",23,8,10,5,"I",,"August","October",2,2,"wind","Wb (wind flowers occassionally visited by insect)Typical pollinators: Short tongued bees, syrphids, flies, beetles",3,"BioFlor- 2018",1,1,4,24,0,0,0,0,0,1,"",1273,"Weber 2003; D'amato 2007","cross-reactivity with other artemisia species",0
"Artemisia vulgaris","Artemisia_vulgaris","Asteraceae","Anthemideae",6,1,3,2,"I",,"July","November",4,3,"wind","Wb (wind flowers occassionally visited by insect)Typical pollinators: Short tongued bees, syrphids, flies, beetles",3,"BioFlor- 2018",1,1,4,36,1,1,1,1,1,1,"15%",1145,"Weber 2004","Classified as a major allergen in Europe, with sensitivisation rates of 10-15%. Cross reactivity with Ambrosia (partial) and other Artemisia species (very high). No clear info on patient reactivity.",0
"Berteroa incana","Berteroa_incana","Brassicaceae","Alysseae",35,9,16,10,"N",1787,"June","October",4,3,"insects","AB (flowers with partly hidden nectar)Typical pollinators: syrphids, bees",1,"BioFlor- 2018",0,0,0,0,0,0,0,0,0,0,"",,"","",0
"Bromus hordeaceus","Bromus_hordeaceus","Poaceae","Bromeae",16,6,7,3,"I",,"May","August",3,3,"cleistogamy","W (wind flowers)Typical pollinators: -",1,"BioFlor- 2018",1,1,3,9,0,0,0,0,0,1,"",617,"Weber 2004","cross-reactivity with other Pooideae, Poeae grasses, genus Bromus",0
"Bromus inermis","Bromus_inermis","Poaceae","Bromeae",6,2,1,3,"N",1787,"June","July",1,1,"wind","W (wind flowers)Typical pollinators: -",3,"BioFlor- 2018",1,1,3,9,0,0,0,1,0,1,"40%",614,"Weber 2004","cross-reactivity with other Pooideae",0
"Bromus sterilis","Bromus_sterilis","Poaceae","Bromeae",4,2,2,0,"A",,"May","June",1,1,"cleistogamy","W (wind flowers)Typical pollinators: -",1,"BioFlor- 2018",1,1,3,3,0,0,0,0,0,1,"",,"Weber 2004","cross-reactivity with other Pooideae, Poeae grasses, genus Bromus",0
"Bromus tectorum","Bromus_tectorum","Poaceae","Bromeae",4,1,3,0,"A",,"May","June",1,1,"cleistogamy","W (wind flowers)Typical pollinators: -",1,"BioFlor- 2018",1,1,3,3,0,0,0,0,0,1,"",,"Weber 2004; 2015","cross-reactivity with other Pooideae, Poeae grasses, genus Bromus",0
"Calamagrostis epigejos","Calamagrostis_epigejos","Poaceae","Poeae",23,8,9,6,"I",,"July","August",1,1,"wind","W (wind flowers)Typical pollinators: -",3,"BioFlor- 2018",1,1,3,9,0,0,0,0,0,1,"",,"Weber 2004","cross-reactivity with other Pooideae",0
"Campanula rapunculus","Campanula_patula_var._rapunculus","Campanulaceae",,1,0,1,0,"N",1859,"June","August",2,2,"insects","Hb (bee flowers )Typical pollinators: bees",1,"BioFlor- 2018",0,0,0,0,0,0,0,0,0,0,"",,"","",0
"Capsella bursa-pastoris","Capsella_bursa-pastoris","Brassicaceae","Camelineae",3,2,0,1,"A",,"January","December",11,3,"insects-selfing","AB (flowers with partly hidden nectar)Typical pollinators: syrphids, bees",1,"BioFlor- 2018",0,0,0,0,0,0,0,0,0,0,"",,"","",0
"Cardamine hirsuta","Cardamine_hirsuta","Brassicaceae","Cardamineae",4,1,1,2,"N",1843,"March","June",3,3,"insects-selfing","AB (flowers with partly hidden nectar)Typical pollinators: syrphids, bees",1,"BioFlor- 2018",0,0,0,0,0,0,0,0,0,0,"",,"","",0
"Carex arenaria","Carex_arenaria","Cyperaceae","Cariceae",4,2,2,0,"I",,"May","October",5,3,"wind","W (wind flowers)Typical pollinators: -",3,"BioFlor- 2018",1,1,1,9,0,0,0,0,0,1,"",1251,"Weber 1985","Sedges are expected to be allergenic, but only little support yet.  FDA : """"no supporting data collected""""; no cross-reactivity with poaceae",1
"Carex caryophyllea","Carex_caryophyllea","Cyperaceae","Cariceae",1,0,1,0,"I",,"April","May",1,1,"wind","W (wind flowers)Typical pollinators: -",3,"BioFlor- 2020",1,1,1,3,0,0,0,0,0,1,"",1251,"Weber 1985","Sedges are expected to be allergenic, but only little support yet.  FDA : """"no supporting data collected""""; no cross-reactivity with poaceae",1
"Carex hirta","Carex_hirta","Cyperaceae","Cariceae",17,4,9,4,"I",,"May","June",1,1,"wind","W (wind flowers)Typical pollinators: -",3,"BioFlor- 2018",1,1,1,3,0,0,0,0,0,1,"",1251,"Weber 1985","Sedges are expected to be allergenic, but only little support yet.  FDA : """"no supporting data collected""""; no cross-reactivity with poaceae",1
"Carex ligerica","Carex_ligerica","Cyperaceae","Cariceae",1,0,1,0,"I",,"April","May",1,1,"wind","W (wind flowers)Typical pollinators: -",3,"BioFlor- 2020",1,1,1,3,0,0,0,0,0,1,"",1251,"Weber 1985","Sedges are expected to be allergenic, but only little support yet.  FDA : """"no supporting data collected""""; no cross-reactivity with poaceae",1
"Carex praecox","Vignea_praecox","Cyperaceae","Cariceae",5,2,3,0,"I",,"April","June",2,2,"wind","W (wind flowers)Typical pollinators: -",3,"BioFlor- 2018",1,1,1,6,0,0,0,0,0,1,"",1251,"Weber 1985","Sedges are expected to be allergenic, but only little support yet.  FDA : """"no supporting data collected""""; no cross-reactivity with poaceae",1
"Carex spicata","Carex_spicata","Cyperaceae","Cariceae",1,0,0,1,"I",,"May","June",1,1,"wind","W (wind flowers)Typical pollinators: -",3,"BioFlor- 2018",1,1,1,3,0,0,0,0,0,1,"",1251,"Weber 1985","Sedges are expected to be allergenic, but only little support yet.  FDA : """"no supporting data collected""""; no cross-reactivity with poaceae",1
"Centaurea jacea","Centaurea_jacea","Asteraceae","Cardueae",1,0,1,0,"I",,"June","November",5,3,"insects","B` (flower associations with totally hidden nectar)Typical pollinators: bees, bumble bees, wasps, bombylides, syrphids",1,"BioFlor- 2018",0,0,0,0,0,0,0,0,0,0,"",,"","",0
"Centaurea stoebe","Centaurea_stoebe","Asteraceae","Cardueae",20,3,6,11,"I",,"July","September",2,2,"insects","B` (flower associations with totally hidden nectar)Typical pollinators: bees, bumble bees, wasps, bombylides, syrphids",1,"BioFlor- 2018",0,0,0,0,0,0,0,0,0,0,"",,"","",0
"Cerastium arvense","Cerastium_arvense","Caryophyllaceae","Alsineae",6,2,2,2,"I",,"April","July",3,3,"insects","AB (flowers with partly hidden nectar)Typical pollinators: syrphids, bees",1,"BioFlor- 2018",0,0,0,0,0,0,0,0,0,0,"",,"","",0
"Cerastium glomeratum","Cerastium_glomeratum","Caryophyllaceae","Alsineae",3,1,0,2,"I",,"March","September",6,3,"selfing","AB (flowers with partly hidden nectar)Typical pollinators: syrphids, bees",0,"BioFlor- 2018",0,0,0,0,0,0,0,0,0,0,"",,"","",0
"Cerastium glutinosum","Cerastium_kunthii","Caryophyllaceae","Alsineae",6,2,2,2,"I",,"March","May",2,2,"insects-selfing","AB (flowers with partly hidden nectar)Typical pollinators: syrphids, bees",1,"BioFlor- 2018",0,0,0,0,0,0,0,0,0,0,"",,"","",0
"Cerastium holosteoides","Cerastium_fontanum_subsp._vulgare","Caryophyllaceae","Alsineae",14,5,4,5,"I",,"March","June",3,3,"insects","AB (flowers with partly hidden nectar)Typical pollinators: syrphids, bees",1,"BioFlor- 2018",0,0,0,0,0,0,0,0,0,0,"",,"","",0
"Cerastium semidecandrum","Cerastium_semidecandrum","Caryophyllaceae","Alsineae",50,16,16,18,"I",,"March","May",2,2,"insects-selfing","AB (flowers with partly hidden nectar)Typical pollinators: syrphids, bees",1,"BioFlor- 2018",0,0,0,0,0,0,0,0,0,0,"",,"","",0
"Chenopodium album","Chenopodium_album","Chenopodiaceae","Atripliceae",1,0,0,1,"I",,"July","October",3,3,"wind","Wb (wind flowers occassionally visited by insect)Typical pollinators: Short tongued bees, syrphids, flies, beetles",3,"BioFlor- 2018",1,1,2,18,1,1,1,1,1,1,"8%",1134,"Weber 2015; Gadermaier 2004","Major allergen in some areas (Saudi arabia...), but perhaps not in europe?",0
"Chondrilla juncea","Chondrilla_juncea","Asteraceae","Cichorieae",15,6,7,2,"I",,"July","September",2,2,"insects","B` (flower associations with totally hidden nectar)Typical pollinators: bees, bumble bees, wasps, bombylides, syrphids",1,"BioFlor- 2018",0,0,0,0,0,0,0,0,0,0,"",,"","",0
"Cirsium arvense","Cirsium_arvense","Asteraceae","Cardueae",1,1,0,0,"I",,"July","September",2,2,"insects","B` (flower associations with totally hidden nectar)Typical pollinators: bees, bumble bees, wasps, bombylides, syrphids",1,"BioFlor- 2018",0,0,0,0,0,0,0,0,0,0,"",,"","",0
"Cirsium vulgare","Cirsium_vulgare","Asteraceae","Cardueae",1,1,0,0,"I",,"June","September",3,3,"insects","B` (flower associations with totally hidden nectar)Typical pollinators: bees, bumble bees, wasps, bombylides, syrphids",1,"BioFlor- 2018",0,0,0,0,0,0,0,0,0,0,"",,"","",0
"Clematis vitalba","Clematis_vitalba","Ranunculaceae","Anemoneae",1,0,0,1,"N",1957,"June","August",2,2,"insects","PoDe (transition type pollen flowers - nasty flowers)Typical pollinators: short tounged bees, syrphids, muscids, beetles",1,"BioFlor- 2018",0,0,0,0,0,0,0,0,0,1,"",,"Hruska 2003","anecdotal evidence only; no further evidence; some reports of contact dermatitis",0
"Convolvulus arvensis","Convolvulus_arvensis","Convolvulaceae","Convolvuleae",16,5,5,6,"A",,"June","September",3,3,"insects","B (flowers with totally hidden nectar)Typical pollinators: bees, bumblebees, wasps, bombylides, syrphids",1,"BioFlor- 2018",0,0,0,0,0,0,0,0,0,1,"",,"Hruska 2003","anecdotal evidence only; one other mention in italian allergens (CIAMPOLINI E  & CRESTI M., 1981)",0
"Conyza canadensis","Conyza_canadensis","Asteraceae","Astereae",16,7,4,5,"N",1787,"July","October",3,3,"selfing","B` (flower associations with totally hidden nectar)Typical pollinators: bees, bumble bees, wasps, bombylides, syrphids",0,"BioFlor- 2018",0,0,0,0,0,0,0,0,0,1,"",,"Ščevková 2014","anecdotal evidence only",0
"Corynephorus canescens","Corynephorus_canescens","Poaceae","Poeae",10,4,4,2,"I",,"June","July",1,1,"wind","W (wind flowers)Typical pollinators: -",3,"BioFlor- 2018",1,1,3,9,0,0,0,0,0,1,"",,"Weber 2004","cross-reactivity with other Pooideae, Poeae grasses",0
"Crepis capillaris","Crepis_capillaris","Asteraceae","Cichorieae",10,4,5,1,"A",,"June","October",4,3,"insects","B` (flower associations with totally hidden nectar)Typical pollinators: bees, bumble bees, wasps, bombylides, syrphids",1,"BioFlor- 2018",0,0,0,0,0,0,0,0,0,0,"",,"","",0
"Cynoglossum officinale","Cynoglossum_officinale","Boraginaceae","Cynoglosseae",1,1,0,0,"I",,"May","July",2,2,"insects","B (flowers with totally hidden nectar)Typical pollinators: bees, bumblebees, wasps, bombylides, syrphids",1,"BioFlor- 2018",0,0,0,0,0,0,0,0,0,0,"",,"","",0
"Cytisus scoparius","Cytisus_scoparius","Fabaceae","Genisteae",1,1,0,0,"I",,"May","June",1,1,"insects-selfing","H (hymenoptere flowers)Typical pollinators: hymenopteres",1,"BioFlor- 2018",1,1,1,1,0,0,0,0,0,1,"",1245,"Weber 1985","allergenicity unclear. FDA says no allergen",1
"Dactylis glomerata","Dactylis_glomerata","Poaceae","Poeae",16,4,5,7,"I",,"May","July",2,2,"wind","W (wind flowers)Typical pollinators: -",3,"BioFlor- 2018",1,1,4,24,1,1,1,1,1,1,"43%",,"Weber 2004","cross-reactivity with other Pooideae; Allergome; IUIS",0
"Danthonia decumbens","Danthonia_decumbens","Poaceae","Danthonieae",1,0,1,0,"I",,"June","July",1,1,"wind","W (wind flowers)Typical pollinators: -",3,"BioFlor- 2018",1,1,1,3,0,0,0,0,0,1,"",,"Weber 2004","no clear info on Danthonia - Default allergen score = 1 for a Poaceae",0
"Daucus carota","Daucus_carota","Apiaceae","Scandiceae",6,1,4,1,"I",,"June","September",3,3,"insects","A (flowers with open nectar)Typical pollinators: beetles, flies, syrphids, wasps, medium tongued bees",1,"BioFlor- 2018",0,0,0,0,1,1,1,0,0,0,"",,"","Only the root is a known food allergen",0
"Deschampsia flexuosa","Deschampsia_flexuosa","Poaceae","Poeae",2,2,0,0,"I",,"June","August",2,2,"wind","W (wind flowers)Typical pollinators: -",3,"BioFlor- 2018",1,1,3,18,0,0,0,0,0,1,"",,"Weber 2004","cross-reactivity with other Pooideae, Poeae grasses",0
"Dianthus carthusianorum","Dianthus_carthusianorum","Caryophyllaceae","Caryophylleae",3,1,0,2,"I",,"June","September",3,3,"insects","Ft (butterfly flowers)Typical pollinators: butterflies",1,"BioFlor- 2018",0,0,0,0,0,0,0,0,0,0,"",,"","Some allergenicity perhaps but not of the pollen (cf. Allergome)",0
"Dianthus deltoides","Dianthus_deltoides","Caryophyllaceae","Caryophylleae",9,3,3,3,"I",,"June","September",3,3,"insects","F (butterfly flowers)Typical pollinators: butterflies, long tongued bees, syrphids",1,"BioFlor- 2018",0,0,0,0,0,0,0,0,0,0,"",,"","Some allergenicity perhaps but not of the pollen (cf. Allergome)",0
"Dianthus giganteus","Dianthus_giganteus","Caryophyllaceae","Caryophylleae",1,0,0,1,"N",2001,"June","August",2,2,"insects",,1,"BioFlor- 2018",0,0,0,0,0,0,0,0,0,0,"",,"","Some allergenicity perhaps but not of the pollen (cf. Allergome)",0
"Digitaria ischaemum","Digitaria_ischaemum","Poaceae","Paniceae",3,1,0,2,"A",,"July","October",3,3,"wind","W (wind flowers)Typical pollinators: -",3,"BioFlor- 2018",1,1,2,18,0,0,0,0,0,1,"",,"Weber 2004","cross-reactivity within Panicoidae; Grass 1 allergens = upgrade to moderate allergen",0
"Digitaria sanguinalis","Digitaria_sanguinalis","Poaceae","Paniceae",3,0,0,3,"A",,"July","October",3,3,"selfing","W (wind flowers)Typical pollinators: -",1,"BioFlor- 2018",1,1,2,6,0,0,0,0,0,1,"",,"Weber 2004","cross-reactivity within Panicoidae; Grass 1 allergens = upgrade to moderate allergen",0
"Dipsacus fullonum","Dipsacus_fullonum","Caprifoliaceae",,1,1,0,0,"N",1953,"July","August",1,1,"insects","B` (flower associations with totally hidden nectar)Typical pollinators: bees, bumble bees, wasps, bombylides, syrphids",1,"BioFlor- 2018",0,0,0,0,0,0,0,0,0,0,"",,"","",0
"Draba verna","Draba_verna","Brassicaceae","Arabideae",25,8,4,13,"I",,"March","May",2,2,"selfing",,0,"BioFlor- 2018",0,0,0,0,0,0,0,0,0,0,"",,"","",0
"Echium vulgare","Echium_vulgare","Boraginaceae","Lithospermeae",12,3,2,7,"A",,"May","July",2,2,"insects","H (hymenoptere flowers)Typical pollinators: hymenopteres",1,"BioFlor- 2018",0,1,2,4,0,0,0,0,0,1,"",,"Katelaris et al. 1982","similar to Paterson's curse (Echium plantagineum)?",0
"Elymus repens","Elymus_repens","Poaceae","Triticeae",32,13,11,8,"I",,"June","August",2,2,"wind",,3,"BioFlor- 2018",1,1,3,18,0,0,0,0,0,1,"",671,"Weber 2004","cross-reactivity with other Pooideae, Poeae grasses",0
"Equisetum arvense","Equisetum_arvense","Equisetaceae",,3,0,3,0,"I",,"March","April",0,0,,,,"BioFlor- 2018",0,0,0,0,0,0,0,0,0,0,"",,"","No allergy has been reported for Field Horsetail: http://www.pollenlibrary.com/Specie/Equisetum+arvense/",0
"Equisetum x moorei","Equisetum","Equisetaceae",,1,0,1,0,"I",,"","",0,0,,,,"BioFlor- 2018",0,0,0,0,0,0,0,0,0,0,"",,"","no evidence of allergy for horsetail",0
"Eragrostis minor","Eragrostis_minor","Poaceae","Eragrostideae",1,0,0,1,"N",1953,"July","August",1,1,"wind","W (wind flowers)Typical pollinators: -",3,"BioFlor- 2018",1,1,2,6,0,0,0,0,0,1,"",,"Weber 2004","""""﻿cross-reacting profilins and calcium-binding allergens are minor allergens""""",0
"Erigeron acris","Erigeron_acris","Asteraceae","Astereae",2,0,2,0,"I",,"June","September",3,3,"insects","B` (flower associations with totally hidden nectar)Typical pollinators: bees, bumble bees, wasps, bombylides, syrphids",1,"BioFlor- 2018",0,0,0,0,0,0,0,0,0,0,"",,"","",0
"Erigeron annuus","Erigeron_annuus","Asteraceae","Astereae",3,2,1,0,"N",1859,"June","September",3,3,"insects","B` (flower associations with totally hidden nectar)Typical pollinators: bees, bumble bees, wasps, bombylides, syrphids",1,"BioFlor- 2018",0,0,0,0,0,0,0,0,0,0,"",,"","",0
"Erodium cicutarium","Erodium_cicutarium","Geraniaceae",,12,3,1,8,"A",,"April","October",6,3,"insects","B (flowers with totally hidden nectar)Typical pollinators: bees, bumblebees, wasps, bombylides, syrphids",1,"BioFlor- 2018",0,0,0,0,0,0,0,0,0,0,"",,"","",0
"Euonymus europaea","Euonymus_europaea","Celastraceae",,1,0,1,0,"I",,"May","June",1,1,"insects","A (flowers with open nectar)Typical pollinators: beetles, flies, syrphids, wasps, medium tongued bees",1,"BioFlor- 2018",0,0,0,0,0,0,0,0,0,0,"",,"","",0
"Euphorbia cyparissias","Euphorbia_cyparissias","Euphorbiaceae","Euphorbieae",18,6,9,3,"I",,"April","May",1,1,"insects","A (flowers with open nectar)Typical pollinators: beetles, flies, syrphids, wasps, medium tongued bees",1,"BioFlor- 2018",0,0,0,0,0,0,0,0,0,0,"",,"","contact dermatitis with the latex. No allergies to pollen reported.",0
"Festuca arundinacea","Festuca_arundinacea","Poaceae","Poeae",1,1,0,0,"I",,"June","July",1,1,"wind","W (wind flowers)Typical pollinators: -",3,"BioFlor- 2018",1,1,3,9,0,0,0,1,1,1,"64%",637,"Weber 2004","cross-reactivity with other Pooideae, Poeae grasses",0
"Festuca brevipila","Festuca_trachyphylla","Poaceae","Poeae",39,11,11,17,"I",,"May","July",2,2,"wind","W (wind flowers)Typical pollinators: -",3,"BioFlor- 2018",1,1,3,18,0,0,0,0,0,1,"",,"Weber 2004","cross-reactivity with other Pooideae, Poeae grasses",0
"Festuca ovina","Festuca_ovina","Poaceae","Poeae",4,1,1,2,"I",,"May","August",3,3,"wind","W (wind flowers)Typical pollinators: -",3,"BioFlor- 2018",1,1,3,27,0,0,0,0,0,1,"",636,"Weber 2004","cross-reactivity with other Pooideae, Poeae grasses",0
"Festuca pratensis","Festuca_pratensis","Poaceae","Poeae",1,0,1,0,"I",,"June","July",1,1,"wind","W (wind flowers)Typical pollinators: -",3,"BioFlor- 2018",1,1,4,12,1,1,0,1,0,1,"60%",,"Weber 2004","cross-reactivity with other Pooideae, Poeae grasses",0
"Festuca rubra agg.","Festuca_rubra","Poaceae","Poeae",23,7,9,7,"I",,"June","July",1,1,"wind","W (wind flowers)Typical pollinators: -",3,"BioFlor- 2018",1,1,3,9,0,0,0,1,0,1,,635,"Weber 2004","cross-reactivity with other Pooideae",0
"Ficaria verna","Ficaria_verna","Ranunculaceae","Ranunculeae",1,0,0,1,"I",,"March","May",2,2,"insects",,1,"BioFlor- 2018",0,0,0,0,0,0,0,0,0,0,"",,"","",0
"Filago arvensis","Filago_arvensis","Asteraceae","Gnaphalieae",1,0,0,1,"I",,"July","September",2,2,"selfing","B` (flower associations with totally hidden nectar)Typical pollinators: bees, bumble bees, wasps, bombylides, syrphids",0,"BioFlor- 2018",0,0,0,0,0,0,0,0,0,0,"",,"","",0
"Gagea pratensis","Stellaster_pratensis","Liliaceae",,2,1,1,0,"I",,"March","May",2,2,"insects-selfing","AB (flowers with partly hidden nectar)Typical pollinators: syrphids, bees",1,"BioFlor- 2018",0,0,0,0,0,0,0,0,0,0,"",,"","",0
"Galium aparine","Galium_aparine","Rubiaceae","Rubieae",3,2,0,1,"I",,"June","October",4,3,"insects-selfing","A (flowers with open nectar)Typical pollinators: beetles, flies, syrphids, wasps, medium tongued bees",1,"BioFlor- 2018",0,0,0,0,0,0,0,0,0,0,"",,"","",0
"Galium boreale","Galium_boreale","Rubiaceae","Rubieae",1,0,1,0,"I",,"July","August",1,1,"insects","A (flowers with open nectar)Typical pollinators: beetles, flies, syrphids, wasps, medium tongued bees",1,"BioFlor- 2018",0,0,0,0,0,0,0,0,0,0,"",,"","",0
"Galium mollugo","Galium_mollugo","Rubiaceae","Rubieae",3,2,0,1,"I",,"May","July",2,2,"insects","A (flowers with open nectar)Typical pollinators: beetles, flies, syrphids, wasps, medium tongued bees",1,"BioFlor- 2018",0,0,0,0,0,0,0,0,0,0,"",,"","",0
"Galium verum","Galium_verum","Rubiaceae","Rubieae",8,2,3,3,"I",,"June","September",3,3,"wind-insects","A (flowers with open nectar)Typical pollinators: beetles, flies, syrphids, wasps, medium tongued bees",2,"BioFlor- 2018",0,0,0,0,0,0,0,0,0,1,"",,"Hruska 2003","anecdotal evidence only; mostly contact dermatitis",0
"Geranium molle","Geranium_molle","Geraniaceae",,10,3,2,5,"A",,"May","October",5,3,"insects-selfing","B (flowers with totally hidden nectar)Typical pollinators: bees, bumblebees, wasps, bombylides, syrphids",1,"BioFlor- 2018",0,0,0,0,0,0,0,0,0,0,"",,"","Geranium spp. Reported to have allergenic pollen in Allergome, but provide no primary medical references in the literature. ",0
"Geranium pusillum","Geranium_pusillum","Geraniaceae",,6,3,2,1,"A",,"May","October",5,3,"insects-selfing","B (flowers with totally hidden nectar)Typical pollinators: bees, bumblebees, wasps, bombylides, syrphids",1,"BioFlor- 2018",0,0,0,0,0,0,0,0,0,0,"",,"","Geranium spp. Reported to have allergenic pollen in Allergome, but provide no primary medical references in the literature. ",0
"Geranium pyrenaicum","Geranium_pyrenaicum","Geraniaceae",,1,0,0,1,"N",1859,"May","October",5,3,"insects","B (flowers with totally hidden nectar)Typical pollinators: bees, bumblebees, wasps, bombylides, syrphids",1,"BioFlor- 2018",0,0,0,0,0,0,0,0,0,1,"",,"Hruska 2003","anecdotal evidence only. Geranium spp. Reported to have allergenic pollen in Allergome, but provide no primary medical references in the literature. ",0
"Geranium robertianum","Geranium_robertianum","Geraniaceae",,1,0,1,0,"I",,"May","October",5,3,"insects-selfing","B (flowers with totally hidden nectar)Typical pollinators: bees, bumblebees, wasps, bombylides, syrphids",1,"BioFlor- 2018",0,0,0,0,0,0,0,0,0,0,"",,"","Geranium spp. Reported to have allergenic pollen in Allergome, but provide no primary medical references in the literature. ",0
"Glechoma hederacea","Glechoma_hederacea","Lamiaceae","Mentheae",1,1,0,0,"I",,"April","June",2,2,"insects","Hh (bumble bee flowers)Typical pollinators: bumble bees",1,"BioFlor- 2018",0,0,0,0,0,0,0,0,0,0,"",,"","",0
"Gypsophila paniculata","Gypsophila_paniculata","Caryophyllaceae","Caryophylleae",1,0,1,0,"N",1953,"June","September",3,3,"insects","B (flowers with totally hidden nectar)Typical pollinators: bees, bumblebees, wasps, bombylides, syrphids",1,"BioFlor- 2018",0,0,0,0,0,0,0,0,0,0,"",,"","",0
"Helichrysum arenarium","Helichrysum_arenarium","Asteraceae","Gnaphalieae",12,4,6,2,"I",,"July","August",1,1,"insects-selfing","B` (flower associations with totally hidden nectar)Typical pollinators: bees, bumble bees, wasps, bombylides, syrphids",1,"BioFlor- 2018",0,0,0,0,0,0,0,0,0,0,"",,"","",0
"Herniaria glabra","Herniaria_glabra","Caryophyllaceae","Paronychieae",2,1,0,1,"I",,"June","October",4,3,"insects","A (flowers with open nectar)Typical pollinators: beetles, flies, syrphids, wasps, medium tongued bees",1,"BioFlor- 2018",0,0,0,0,0,0,0,0,0,0,"",,"","",0
"Hieracium bauhini","Hieracium_bauhini","Asteraceae","Cichorieae",1,0,0,1,"I",,"May","July",2,2,"insects","B` (flower associations with totally hidden nectar)Typical pollinators: bees, bumble bees, wasps, bombylides, syrphids",1,"BioFlor- 2018",0,0,0,0,0,0,0,0,0,0,"",,"","",0
"Hieracium pilosella","Hieracium_pilosella","Asteraceae","Cichorieae",15,7,5,3,"I",,"May","October",5,3,"insects","B` (flower associations with totally hidden nectar)Typical pollinators: bees, bumble bees, wasps, bombylides, syrphids",1,"BioFlor- 2018",0,0,0,0,0,0,0,0,0,0,"",,"","",0
"Hieracium umbellatum","Hieracium_umbellatum","Asteraceae","Cichorieae",1,0,1,0,"I",,"July","October",3,3,"insects","B` (flower associations with totally hidden nectar)Typical pollinators: bees, bumble bees, wasps, bombylides, syrphids",1,"BioFlor- 2018",0,0,0,0,0,0,0,0,0,0,"",,"","",0
"Holcus lanatus","Holcus_lanatus","Poaceae","Poeae",5,1,4,0,"I",,"June","August",2,2,"wind","W (wind flowers)Typical pollinators: -",3,"BioFlor- 2018",1,1,4,24,1,1,1,1,1,1,"55%",695,"","IUIS: High reactivity of Hol l 1 and Hol l 5; Pooideae, tribe Aveneae",0
"Holcus mollis","Holcus_mollis","Poaceae","Poeae",4,3,1,0,"I",,"June","August",2,2,"wind","W (wind flowers)Typical pollinators: -",3,"BioFlor- 2018",1,1,3,18,0,0,0,0,0,1,"",,"Weber 2004","Cross reactivity within Pooideae, tribe Aveneae, same genus as Holcus lanatus",0
"Holosteum umbellatum","Holosteum_umbellatum","Caryophyllaceae","Alsineae",9,2,2,5,"A",,"March","May",2,2,"insects-selfing","AB (flowers with partly hidden nectar)Typical pollinators: syrphids, bees",1,"BioFlor- 2018",0,0,0,0,0,0,0,0,0,0,"",,"","",0
"Hypericum perforatum","Hypericum_perforatum","Hypericaceae","Hypericeae",20,9,7,4,"I",,"July","August",1,1,"insects","Po (pollen flowers)Typical pollinators: short tongued bees, syrphids, flies, beetles",1,"BioFlor- 2018",0,0,0,0,0,0,0,0,0,1,"",,"Hruska 2003","anecdotal evidence only",0
"Hypochaeris radicata","Hypochaeris_radicata","Asteraceae","Cichorieae",17,6,8,3,"I",,"June","September",3,3,"insects","B` (flower associations with totally hidden nectar)Typical pollinators: bees, bumble bees, wasps, bombylides, syrphids",1,"BioFlor- 2018",0,0,0,0,0,0,0,0,0,0,"",,"","",0
"Jasione montana","Jasione_montana","Campanulaceae",,8,5,3,0,"I",,"June","August",2,2,"insects","B` (flower associations with totally hidden nectar)Typical pollinators: bees, bumble bees, wasps, bombylides, syrphids",1,"BioFlor- 2018",0,0,0,0,0,0,0,0,0,0,"",,"","",0
"Koeleria macrantha","Koeleria_pyramidata_subsp._pyramidata","Poaceae","Poeae",1,1,0,0,"I",,"June","July",1,1,"wind","W (wind flowers)Typical pollinators: -",3,"BioFlor- 2018",1,1,3,9,0,0,0,0,0,1,"",,"Weber 2004","cross-reactivity with other Pooidae, Poeae grasses",0
"Koeleria pyramidata","Koeleria_pyramidata","Poaceae","Poeae",1,0,0,1,"I",,"June","July",1,1,"wind","W (wind flowers)Typical pollinators: -",3,"BioFlor- 2018",1,1,3,9,0,0,0,0,0,1,"",,"Weber 2004","cross-reactivity with other Pooideae",0
"Lamium purpureum","Lamium_purpureum","Lamiaceae","Lamieae",10,6,2,2,"A",,"March","October",7,3,"insects","H (hymenoptere flowers)Typical pollinators: hymenopteres",1,"BioFlor- 2018",0,0,0,0,0,0,0,0,0,0,"",,"","",0
"Lapsana communis","Lapsana_communis","Asteraceae","Cichorieae",1,1,0,0,"I",,"June","September",3,3,"insects-selfing","B` (flower associations with totally hidden nectar)Typical pollinators: bees, bumble bees, wasps, bombylides, syrphids",1,"BioFlor- 2018",0,0,0,0,0,0,0,0,0,0,"",,"","",0
"Leucanthemum vulgare agg.","Leucanthemum_vulgare","Asteraceae","Anthemideae",1,0,0,1,"I",,"June","October",4,3,"insects","B` (flower associations with totally hidden nectar)Typical pollinators: bees, bumble bees, wasps, bombylides, syrphids",1,"BioFlor- 2018",0,0,0,0,0,0,0,0,0,0,"",,"Ščevková 2014","anecdotal evidence only",0
"Linaria vulgaris","Linaria_vulgaris","Plantaginaceae","Antirrhineae",6,2,4,0,"I",,"June","October",4,3,"insects","H (hymenoptere flowers)Typical pollinators: hymenopteres",1,"BioFlor- 2018",0,0,0,0,0,0,0,0,0,1,"",,"Hruska 2003","anecdotal evidence only",0
"Lolium multiflorum","Lolium_multiflorum","Poaceae","Poeae",1,1,0,0,"N",1859,"June","August",2,2,"wind","W (wind flowers)Typical pollinators: -",3,"BioFlor- 2018",1,1,3,18,0,0,0,1,0,1,"50%",,"Weber 2004","cross-reactivity with other Pooideae",0
"Lolium perenne","Lolium_perenne","Poaceae","Poeae",6,2,0,4,"I",,"May","October",5,3,"wind","W (wind flowers)Typical pollinators: -",3,"BioFlor- 2018",1,1,4,36,1,1,1,1,1,1,"45 % (Germany)",,"Weber 2004; Niederberger 1998","cross-reactivity with other Pooideae",0
"Lotus corniculatus","Lotus_corniculatus","Fabaceae","Loteae",3,0,3,0,"I",,"June","August",2,2,"insects","Hb (bee flowers )Typical pollinators: bees",1,"BioFlor- 2018",0,0,0,0,0,0,0,0,0,0,"",,"","",0
"Luzula campestris","Luzula_campestris","Juncaceae",,5,2,3,0,"I",,"March","April",1,1,"wind-insects","W (wind flowers)Typical pollinators: -",2,"BioFlor- 2018",0,0,0,0,0,0,0,0,0,0,"",,"","Only """"suspected"""" of causing allergic reaction, but no strong evidence; No allergy has been reported for Common  wood rush; http://www.pollenlibrary.com/Specie/Luzula+multiflora",0
"Luzula multiflora","Luzula_multiflora","Juncaceae",,1,1,0,0,"I",,"April","May",1,1,"wind-insects","W (wind flowers)Typical pollinators: -",2,"BioFlor- 2018",0,0,0,0,0,0,0,0,0,0,"",,"","Only """"suspected"""" of causing allergic reaction, but no strong evidence; No allergy has been reported for Common  wood rush; http://www.pollenlibrary.com/Specie/Luzula+multiflora",0
"Malva moschata","Malva_moschata","Malvaceae",,1,0,0,1,"N",1878,"June","October",4,3,"insects","B (flowers with totally hidden nectar)Typical pollinators: bees, bumblebees, wasps, bombylides, syrphids",1,"BioFlor- 2018",0,0,0,0,0,0,0,0,0,0,"",,"","",0
"Medicago falcata","Medicago_falcata","Fabaceae","Trifolieae",1,0,1,0,"I",,"June","September",3,3,"insects","H (hymenoptere flowers)Typical pollinators: hymenopteres",1,"BioFlor- 2018",0,1,1,3,0,0,0,0,0,1,"",,"Bousquet et al. 1984","similar to Medicago sativa ?",1
"Medicago lupulina","Medicago_lupulina","Fabaceae","Trifolieae",14,2,6,6,"I",,"May","October",5,3,"insects","H (hymenoptere flowers)Typical pollinators: hymenopteres",1,"BioFlor- 2018",1,1,1,3,0,0,0,0,0,1,"",1057,"Bousquet et al. 1984","skin prick tests to medicago sativa with low reactivity scores, possibly cross reactivity, in Bousquet.",1
"Medicago minima","Medicago_minima_var._brevispina","Fabaceae","Trifolieae",1,1,0,0,"I",,"May","June",1,1,"selfing","H (hymenoptere flowers)Typical pollinators: hymenopteres",1,"BioFlor- 2018",0,1,1,1,0,0,0,0,0,1,"",,"Bousquet et al. 1984","similar to Medicago sativa ?",1
"Medicago x varia","Medicago_varia","Fabaceae",,13,1,1,11,"N",1859,"June","September",3,3,"insects","H (hymenoptere flowers)Typical pollinators: hymenopteres",1,"BioFlor- 2018",0,1,1,3,0,0,0,0,0,1,"",,"Bousquet et al. 1984","similar to Medicago sativa ?",1
"Melampyrum pratense","Melampyrum_pratense","Orobanchaceae","Rhinantheae",1,0,1,0,"I",,"June","September",3,3,"insects","Hh (bumble bee flowers)Typical pollinators: bumble bees",1,"BioFlor- 2018",0,0,0,0,0,0,0,0,0,0,"",,"","",0
"Melilotus officinalis","Melilotus_officinalis","Fabaceae","Trifolieae",3,0,2,1,"A",,"June","September",3,3,"insects","H (hymenoptere flowers)Typical pollinators: hymenopteres",1,"BioFlor- 2018",0,0,0,0,0,0,0,0,0,0,"",1089,"","according to FDA, no data supporting  Melilotus album allergies. ",0
"Moehringia trinervia","Moehringia_trinervia","Caryophyllaceae","Arenarieae",1,1,0,0,"I",,"May","July",2,2,"insects-selfing","AB (flowers with partly hidden nectar)Typical pollinators: syrphids, bees",1,"BioFlor- 2018",0,0,0,0,0,0,0,0,0,0,"",,"","",0
"Myosotis arvensis","Myosotis_arvensis","Boraginaceae","Myosotideae",2,1,1,0,"A",,"April","September",5,3,"insects-selfing","B (flowers with totally hidden nectar)Typical pollinators: bees, bumblebees, wasps, bombylides, syrphids",1,"BioFlor- 2018",0,0,0,0,0,0,0,0,0,0,"",,"","",0
"Myosotis ramosissima","Myosotis_ramosissima","Boraginaceae","Myosotideae",28,10,8,10,"A",,"April","June",2,2,"insects-selfing","B (flowers with totally hidden nectar)Typical pollinators: bees, bumblebees, wasps, bombylides, syrphids",1,"BioFlor- 2018",0,0,0,0,0,0,0,0,0,0,"",,"","",0
"Myosotis stricta","Myosotis_stricta","Boraginaceae","Myosotideae",6,5,0,1,"A",,"March","June",3,3,"insects","B (flowers with totally hidden nectar)Typical pollinators: bees, bumblebees, wasps, bombylides, syrphids",1,"BioFlor- 2018",0,0,0,0,0,0,0,0,0,0,"",,"","",0
"Oenothera biennis agg.","Oenothera_biennis","Onagraceae","Onagreae",14,3,4,7,"N",1787,"June","August",2,2,"insects-selfing","FnH (transition type moth flowers - bee flowers)Typical pollinators: moths, hymenoptera",1,"BioFlor- 2018",0,0,0,0,0,0,0,0,0,0,"",,"","",0
"Ononis repens","Ononis_repens","Fabaceae","Trifolieae",2,0,1,1,"I",,"June","July",1,1,"insects","Hb (bee flowers )Typical pollinators: bees",1,"BioFlor- 2018",0,0,0,0,0,0,0,0,0,0,"",,"","",0
"Papaver","Papaver","Papaveraceae",,1,1,0,0,"A",,"May","August",3,3,"selfing",,0,"BioFlor- 2018",0,0,0,0,0,0,0,0,0,0,"",,"","",0
"Papaver argemone","Papaver_argemone","Papaveraceae",,2,1,0,1,"A",,"May","July",2,2,"insects","Po (pollen flowers)Typical pollinators: short tongued bees, syrphids, flies, beetles",1,"BioFlor- 2018",0,0,0,0,0,0,0,0,0,0,"",,"","",0
"Papaver dubium","Papaver_dubium","Papaveraceae",,1,0,0,1,"A",,"May","July",2,2,"insects","Po (pollen flowers)Typical pollinators: short tongued bees, syrphids, flies, beetles",1,"BioFlor- 2018",0,0,0,0,0,0,0,0,0,0,"",,"","",0
"Petrorhagia prolifera","Petrorhagia_prolifera","Caryophyllaceae","Caryophylleae",18,6,7,5,"I",,"June","October",4,3,"insects-selfing","F (butterfly flowers)Typical pollinators: butterflies, long tongued bees, syrphids",1,"BioFlor- 2018",0,0,0,0,0,0,0,0,0,0,"",,"","",0
"Petrorhagia saxifraga","Petrorhagia_saxifraga","Caryophyllaceae","Caryophylleae",1,0,0,1,"N",1947,"June","September",3,3,"insects-selfing","B (flowers with totally hidden nectar)Typical pollinators: bees, bumblebees, wasps, bombylides, syrphids",1,"BioFlor- 2018",0,0,0,0,0,0,0,0,0,0,"",,"","",0
"Peucedanum oreoselinum","Peucedanum_oreoselinum","Apiaceae","Selineae",4,2,2,0,"I",,"July","August",1,1,"insects","A (flowers with open nectar)Typical pollinators: beetles, flies, syrphids, wasps, medium tongued bees",1,"BioFlor- 2018",0,0,0,0,0,0,0,0,0,0,"",,"","",0
"Picris hieracioides","Picris_hieracioides","Asteraceae","Cichorieae",1,0,1,0,"I",,"July","October",3,3,"insects","B` (flower associations with totally hidden nectar)Typical pollinators: bees, bumble bees, wasps, bombylides, syrphids",1,"BioFlor- 2018",0,0,0,0,0,0,0,0,0,0,"",,"","",0
"Pimpinella saxifraga agg.","Pimpinella_saxifraga","Apiaceae","Pimpinelleae",1,1,0,0,"I",,"July","September",2,2,"insects","A (flowers with open nectar)Typical pollinators: beetles, flies, syrphids, wasps, medium tongued bees",1,"BioFlor- 2018",0,0,0,0,0,0,0,0,0,0,"",,"","",0
"Plantago arenaria","Plantago_arenaria","Plantaginaceae","Plantagineae",2,0,0,2,"N",1787,"June","September",3,3,"wind-insects","Wb (wind flowers occassionally visited by insect)Typical pollinators: Short tongued bees, syrphids, flies, beetles",2,"BioFlor- 2018",0,1,3,18,0,0,0,0,0,1,"",,"Weber 2015","cf. Plantago lanceolata",0
"Plantago lanceolata","Plantago_lanceolata","Plantaginaceae","Plantagineae",28,8,8,12,"A",,"May","October",5,3,"wind-insects","Wb (wind flowers occassionally visited by insect)Typical pollinators: Short tongued bees, syrphids, flies, beetles",2,"BioFlor- 2018",1,1,3,18,1,1,1,1,1,1,"11%",,"Weber 1985, 2003, 2015; Baldo et al. 1982; Gadermeier et al. 2014","cross reactivity with Grass and Ragweed; Reported 36% incidence in allergic population (Gademaier 2014)",0
"Plantago major","Plantago_major","Plantaginaceae","Plantagineae",2,2,0,0,"A",,"June","October",4,3,"wind","Wb (wind flowers occassionally visited by insect)Typical pollinators: Short tongued bees, syrphids, flies, beetles",3,"BioFlor- 2018",1,1,3,27,0,0,0,1,0,1,,,"Weber 1985, 2015","cf. Plantago lanceolata",0
"Poa angustifolia","Poa_angustifolia","Poaceae","Poeae",41,14,13,14,"I",,"May","June",1,1,"wind","W (wind flowers)Typical pollinators: -",3,"BioFlor- 2018",1,1,3,9,0,0,0,0,0,1,"",,"Weber 2004","cross-reactivity with other Poa species",0
"Poa annua","Poa_annua","Poaceae","Poeae",2,0,0,2,"A",,"January","December",11,3,"selfing","W (wind flowers)Typical pollinators: -",1,"BioFlor- 2018",1,1,3,9,0,0,0,0,0,1,"",601,"Weber 2004","cross-reactivity with other Poa species",0
"Poa bulbosa","Poa_bulbosa","Poaceae","Poeae",2,1,0,1,"A",,"May","June",1,1,"wind","W (wind flowers)Typical pollinators: -",3,"BioFlor- 2018",1,1,3,9,0,0,0,0,0,1,"",,"Weber 2004","cross-reactivity with other Pooideae, Poeae grasses",0
"Poa compressa","Poa_compressa","Poaceae","Poeae",21,5,7,9,"I",,"June","July",1,1,"wind","W (wind flowers)Typical pollinators: -",3,"BioFlor- 2018",1,1,3,9,0,0,0,0,0,1,"",603,"Weber 2004","cross-reactivity with other Poa species",0
"Poa pratensis","Poa_pratensis","Poaceae","Poeae",8,2,1,5,"I",,"May","June",1,1,"wind","W (wind flowers)Typical pollinators: -",3,"BioFlor- 2018",1,1,4,12,1,1,1,1,1,1,"48%",,"Weber 2004; Niederberger 1998","cross-reactivity with other Pooideae, Poeae grasses",0
"Poa trivialis","Poa_trivialis","Poaceae","Poeae",1,1,0,0,"I",,"June","July",1,1,"wind","W (wind flowers)Typical pollinators: -",3,"BioFlor- 2018",1,1,3,9,0,0,0,0,0,1,"",607,"Weber 2004","cross-reactivity with other Poa species",0
"Polygonatum odoratum","Polygonatum_odoratum","Asparagaceae",,2,1,1,0,"I",,"May","June",1,1,"insects","Hh (bumble bee flowers)Typical pollinators: bumble bees",1,"BioFlor- 2018",0,0,0,0,0,0,0,0,0,0,"",,"","",0
"Polygonum aviculare","Polygonum_aviculare","Polygonaceae","Polygoneae",3,1,0,2,"I",,"May","November",6,3,"insects-selfing","B (flowers with totally hidden nectar)Typical pollinators: bees, bumblebees, wasps, bombylides, syrphids",1,"BioFlor- 2018",0,0,0,0,0,0,0,0,0,1,"",,"Hruska 2003","anecdotal evidence only; Polygonum spp. cited in Allergome, but no medical reference.",0
"Portulaca oleracea","Portulaca_oleracea","Portulacaceae",,1,0,0,1,"N",1841,"June","September",3,3,"insects-selfing","AB (flowers with partly hidden nectar)Typical pollinators: syrphids, bees",1,"BioFlor- 2018",0,0,0,0,0,0,0,0,0,0,"",,"","",0
"Potentilla argentea","Potentilla_argentea","Rosaceae","Potentilleae",33,11,9,13,"I",,"June","October",4,3,"insects-selfing","AB (flowers with partly hidden nectar)Typical pollinators: syrphids, bees",1,"BioFlor- 2018",0,0,0,0,0,0,0,0,0,1,"",,"Ščevková 2014","anecdotal evidence only; potentilla sometimes recommended for """"allergy free garden"""" (anecdotal evidence)",0
"Potentilla incana","Potentilla_incana","Rosaceae","Potentilleae",4,1,2,1,"I",,"March","May",2,2,"insects","AB (flowers with partly hidden nectar)Typical pollinators: syrphids, bees",1,"BioFlor- 2018",0,0,0,0,0,0,0,0,0,0,"",,"","anecdotal evidence only",0
"Potentilla reptans","Potentilla_reptans","Rosaceae","Potentilleae",2,0,1,1,"I",,"June","August",2,2,"insects","AB (flowers with partly hidden nectar)Typical pollinators: syrphids, bees",1,"BioFlor- 2018",0,0,0,0,0,0,0,0,0,1,"",,"Ščevková 2014","anecdotal evidence only",0
"Potentilla verna","Potentilla_verna","Rosaceae","Potentilleae",3,2,0,1,"I",,"April","June",2,2,"selfing",,0,"BioFlor- 2018",0,0,0,0,0,0,0,0,0,0,"",,"","anecdotal evidence only",0
"Ranunculus acris","Ranunculus_acris","Ranunculaceae","Ranunculeae",1,1,0,0,"I",,"May","September",4,3,"insects","AB (flowers with partly hidden nectar)Typical pollinators: syrphids, bees",1,"BioFlor- 2018",0,0,0,0,0,0,0,0,0,0,"",,"","anecdotal evidence only",0
"Ranunculus bulbosus","Ranunculus_bulbosus","Ranunculaceae","Ranunculeae",2,1,1,0,"I",,"May","July",2,2,"insects","AB (flowers with partly hidden nectar)Typical pollinators: syrphids, bees",1,"BioFlor- 2018",0,0,0,0,0,0,0,0,0,1,"",,"Ščevková 2014","anecdotal evidence only",0
"Rosa canina agg.","Rosa_canina","Rosaceae",,2,0,0,2,"I",,"May","July",2,2,"insects","Po (pollen flowers)Typical pollinators: short tongued bees, syrphids, flies, beetles",1,"BioFlor- 2018",0,1,1,2,0,0,0,0,0,0,"",,"","anecdotal evidence only",1
"Rubus caesius","Rubus_caesius","Rosaceae",,5,2,2,1,"I",,"May","July",2,2,"insects","B (flowers with totally hidden nectar)Typical pollinators: bees, bumblebees, wasps, bombylides, syrphids",1,"BioFlor- 2018",0,0,0,0,0,0,0,0,0,0,"",,"","",0
"Rubus sect. Rubus","Rubus","Rosaceae",,2,0,0,2,"I",,"May","July",2,2,"insects",,1,"BioFlor- 2018",0,0,0,0,0,0,0,0,0,0,"",,"","",0
"Rumex acetosella","Rumex_acetosella","Polygonaceae","Rumiceae",37,14,8,15,"I",,"May","July",2,2,"wind","Wb (wind flowers occassionally visited by insect)Typical pollinators: Short tongued bees, syrphids, flies, beetles",3,"BioFlor- 2018",1,1,2,12,0,0,0,0,0,1,"",1106,"Solomon 1969;Bousquet 1984; Weber 2015","""""moderate hay fever inducer"""" - Weber 2015",0
"Rumex thyrsiflorus","Rumex_thyrsiflorus","Polygonaceae","Rumiceae",33,7,13,13,"I",,"July","August",1,1,"wind","Wb (wind flowers occassionally visited by insect)Typical pollinators: Short tongued bees, syrphids, flies, beetles",3,"BioFlor- 2018",1,1,2,6,0,0,0,0,0,1,"",1103,"Solomon 1969;Bousquet 1984; Weber 2015","""""moderate hay fever inducer"""" - Weber 2015",0
"Salvia pratensis","Salvia_pratensis","Lamiaceae","Mentheae",2,0,0,2,"I",,"May","August",3,3,"insects","Hh (bumble bee flowers)Typical pollinators: bumble bees",1,"BioFlor- 2018",0,0,0,0,0,0,0,0,0,0,"",,"","",0
"Sanguisorba minor subsp. balearica","Poterium_sanguisorba_subsp._balearicum","Rosaceae",,1,0,0,1,"N",1961,"May","August",3,3,"wind",,3,"BioFlor- 2018",0,0,0,0,0,0,0,0,0,0,"",,"","No evidence of allergy (except unsupported mention in pollenibrary.com); cited as having possible  anti-allergic properties",0
"Saponaria officinalis","Saponaria_officinalis","Caryophyllaceae","Caryophylleae",4,1,2,1,"I",,"June","September",3,3,"insects-selfing","Fn (moth flowers)Typical pollinators: moths",1,"BioFlor- 2018",0,0,0,0,0,0,0,0,0,1,"",,"Hruska 2003","anecdotal evidence only; Some allergenicity perhaps but not of the pollen (cf. Allergome)",0
"Saxifraga tridactylites","Saxifraga_tridactylites","Saxifragaceae",,3,1,1,1,"I",,"April","June",2,2,"insects-selfing","A (flowers with open nectar)Typical pollinators: beetles, flies, syrphids, wasps, medium tongued bees",1,"BioFlor- 2018",0,0,0,0,0,0,0,0,0,0,"",,"","",0
"Scleranthus annuus agg.","Scleranthus_annuus","Caryophyllaceae","Sclerantheae",4,2,1,1,"A",,"April","October",6,3,"insects-selfing","AB (flowers with partly hidden nectar)Typical pollinators: syrphids, bees",1,"BioFlor- 2018",0,0,0,0,0,0,0,0,0,0,"",,"","",0
"Scleranthus perennis","Scleranthus_perennis","Caryophyllaceae","Sclerantheae",1,0,1,0,"I",,"May","September",4,3,"insects","AB (flowers with partly hidden nectar)Typical pollinators: syrphids, bees",1,"BioFlor- 2018",0,0,0,0,0,0,0,0,0,0,"",,"","",0
"Scorzoneroides autumnalis","Scorzoneroides_autumnalis","Asteraceae","Cichorieae",1,0,1,0,"I",,"July","September",2,2,"insects","B` (flower associations with totally hidden nectar)Typical pollinators: bees, bumble bees, wasps, bombylides, syrphids",1,"BioFlor- 2018",0,0,0,0,0,0,0,0,0,0,"",,"","",0
"Securigera varia","Securigera_varia","Fabaceae",,1,0,1,0,"I",,"June","August",2,2,"insects","H (hymenoptere flowers)Typical pollinators: hymenopteres",1,"BioFlor- 2018",0,0,0,0,0,0,0,0,0,0,"",,"","",0
"Sedum acre","Sedum_acre","Crassulaceae",,16,1,3,12,"I",,"June","August",2,2,"insects","AB (flowers with partly hidden nectar)Typical pollinators: syrphids, bees",1,"BioFlor- 2018",0,0,0,0,0,0,0,0,0,0,"",,"","",0
"Sedum album","Sedum_album","Crassulaceae",,1,0,0,1,"N",1970,"June","September",3,3,"insects","AB (flowers with partly hidden nectar)Typical pollinators: syrphids, bees",1,"BioFlor- 2018",0,0,0,0,0,0,0,0,0,0,"",,"","",0
"Sedum maximum","Sedum_maximum","Crassulaceae",,1,0,1,0,"I",,"July","September",2,2,"insects","AB (flowers with partly hidden nectar)Typical pollinators: syrphids, bees",1,"BioFlor- 2018",0,0,0,0,0,0,0,0,0,0,"",,"","",0
"Sedum rupestre","Sedum_rupestre","Crassulaceae",,1,0,0,1,"I",,"June","August",2,2,"insects","AB (flowers with partly hidden nectar)Typical pollinators: syrphids, bees",1,"BioFlor- 2018",0,0,0,0,0,0,0,0,0,0,"",,"","",0
"Sedum sexangulare","Sedum_sexangulare","Crassulaceae",,3,2,1,0,"I",,"June","August",2,2,"insects","AB (flowers with partly hidden nectar)Typical pollinators: syrphids, bees",1,"BioFlor- 2018",0,0,0,0,0,0,0,0,0,0,"",,"","",0
"Senecio inaequidens","Senecio_inaequidens","Asteraceae","Senecioneae",2,0,1,1,"N",1993,"July","December",5,3,"insects","B` (flower associations with totally hidden nectar)Typical pollinators: bees, bumble bees, wasps, bombylides, syrphids",1,"BioFlor- 2018",0,1,2,6,0,0,0,0,0,1,"",,"Luengo 2008","strong cross-reactivity of Senecio species in Luengo et al.",0
"Senecio jacobaea","Senecio_jacobaea","Asteraceae","Senecioneae",5,1,3,1,"I",,"July","September",2,2,"insects","B` (flower associations with totally hidden nectar)Typical pollinators: bees, bumble bees, wasps, bombylides, syrphids",1,"BioFlor- 2018",1,1,2,4,0,0,0,1,0,1,,,"Luengo 2008","Cross reactive with Artemisia vulgaris; affected 13.5 % of hay fever patients in the Luengo study.",0
"Senecio vernalis","Senecio_vernalis","Asteraceae","Senecioneae",2,0,1,1,"N",1859,"May","November",6,3,"insects","B` (flower associations with totally hidden nectar)Typical pollinators: bees, bumble bees, wasps, bombylides, syrphids",1,"BioFlor- 2018",0,1,2,6,0,0,0,0,0,1,"",,"Luengo 2008","strong cross-reactivity of Senecio species in Luengo et al.",0
"Setaria viridis","Setaria_viridis","Poaceae","Paniceae",13,5,2,6,"A",,"June","October",4,3,"wind","W (wind flowers)Typical pollinators: -",3,"BioFlor- 2018",1,1,2,18,0,0,0,0,0,1,"",,"Weber 2004","cross-reactivity within Panicoidae; Grass 1 allergens = upgrade to moderate allergen",0
"Silene conica","Silene_conica","Caryophyllaceae","Sileneae",1,1,0,0,"N",1853,"June","July",1,1,"selfing","B (flowers with totally hidden nectar)Typical pollinators: bees, bumblebees, wasps, bombylides, syrphids",0,"BioFlor- 2018",0,0,0,0,0,0,0,0,0,0,"",,"","",0
"Silene latifolia subsp. alba","Silene_latifolia","Caryophyllaceae",,10,0,6,4,"I",,"June","September",3,3,"insects",,1,"BioFlor- 2018",0,0,0,0,0,0,0,0,0,0,"",,"","",0
"Silene vulgaris","Silene_vulgaris","Caryophyllaceae","Sileneae",1,0,0,1,"I",,"May","September",4,3,"insects","FHh (transition type butterfly flowers - bumble bee flowers)Typical pollinators: lepidoptera, bumble bees",1,"BioFlor- 2018",0,0,0,0,0,0,0,0,0,0,"",,"","",0
"Sisymbrium loeselii","Sisymbrium_loeselii","Brassicaceae","Sisymbrieae",1,0,0,1,"N",1868,"June","August",2,2,"insects","AB (flowers with partly hidden nectar)Typical pollinators: syrphids, bees",1,"BioFlor- 2018",0,0,0,0,0,0,0,0,0,0,"",,"","",0
"Solanum nigrum","Solanum_nigrum","Solanaceae","Solaneae",1,0,0,1,"A",,"June","October",4,3,"insects-selfing","Po (pollen flowers)Typical pollinators: short tongued bees, syrphids, flies, beetles",1,"BioFlor- 2018",0,0,0,0,0,0,0,0,0,0,"",,"","",0
"Solidago canadensis","Solidago_canadensis","Asteraceae","Astereae",5,2,2,1,"N",1862,"August","October",2,2,"insects","B` (flower associations with totally hidden nectar)Typical pollinators: bees, bumble bees, wasps, bombylides, syrphids",1,"BioFlor- 2018",1,1,1,2,0,0,0,0,0,1,"",1118,"Goldberg 1998","",1
"Spergula morisonii","Spergula_morisonii","Caryophyllaceae","Sperguleae",4,4,0,0,"I",,"April","June",2,2,"insects","AB (flowers with partly hidden nectar)Typical pollinators: syrphids, bees",1,"BioFlor- 2018",0,0,0,0,0,0,0,0,0,0,"",,"","",0
"Spergularia rubra","Spergularia_rubra","Caryophyllaceae","Sperguleae",1,0,1,0,"I",,"May","September",4,3,"insects-selfing","AB (flowers with partly hidden nectar)Typical pollinators: syrphids, bees",1,"BioFlor- 2018",0,0,0,0,0,0,0,0,0,0,"",,"","",0
"Stellaria graminea","Stellaria_graminea","Caryophyllaceae","Alsineae",3,1,2,0,"I",,"May","July",2,2,"insects","AB (flowers with partly hidden nectar)Typical pollinators: syrphids, bees",1,"BioFlor- 2018",0,0,0,0,0,0,0,0,0,0,"",,"","",0
"Stellaria media","Stellaria_media","Caryophyllaceae","Alsineae",4,3,1,0,"I",,"January","December",11,3,"insects","AB (flowers with partly hidden nectar)Typical pollinators: syrphids, bees",1,"BioFlor- 2018",0,0,0,0,0,0,0,0,0,1,"",,"Hruska 2003","anecdotal evidence only; no further evidence",0
"Stellaria pallida","Stellaria_pallida","Caryophyllaceae","Alsineae",12,3,4,5,"I",,"March","May",2,2,"selfing","AB (flowers with partly hidden nectar)Typical pollinators: syrphids, bees",0,"BioFlor- 2018",0,0,0,0,0,0,0,0,0,0,"",,"","",0
"Tanacetum vulgare","Tanacetum_vulgare","Asteraceae","Anthemideae",6,3,3,0,"I",,"July","September",2,2,"insects","B` (flower associations with totally hidden nectar)Typical pollinators: bees, bumble bees, wasps, bombylides, syrphids",1,"BioFlor- 2018",0,1,1,2,0,0,0,0,0,0,"",1260,"","only contact dermatitis reported",1
"Taraxacum sect. Erythrosperma","Taraxacum_sect._Erythrosperma","Asteraceae","Cichorieae",5,0,4,1,"I",,"April","June",2,2,"insects",,1,"BioFlor- 2018",0,1,2,4,0,0,0,0,0,1,"",,"","Assumed similar to Taraxacum sect. Ruderalia",0
"Taraxacum sect. Ruderalia","Taraxacum","Asteraceae","Cichorieae",15,4,8,3,"I",,"March","october",8,3,"insects",,1,"BioFlor- 2018",1,1,2,6,0,0,0,0,0,1,"",588,"Bousquet et al. 1984; Yong et al. 2007","Yong study with T. vulgare: cross reactivity with Artemisia vulgaris. 8.5% positive reactions to SPT",0
"Teesdalia nudicaulis","Teesdalia_nudicaulis","Brassicaceae","Iberideae",4,3,1,0,"I",,"April","May",1,1,"insects","AB (flowers with partly hidden nectar)Typical pollinators: syrphids, bees",1,"BioFlor- 2018",0,0,0,0,0,0,0,0,0,0,"",,"","",0
"Thymus pulegioides","Thymus_pulegioides","Lamiaceae","Mentheae",3,1,1,1,"I",,"June","October",4,3,"insects","B (flowers with totally hidden nectar)Typical pollinators: bees, bumblebees, wasps, bombylides, syrphids",1,"BioFlor- 2018",0,0,0,0,0,0,0,0,0,0,"",,"","",0
"Tragopogon","Tragopogon","Asteraceae","Cichorieae",2,2,0,0,"I",,"May","July",2,2,"selfing",,0,"BioFlor- 2018",0,0,0,0,0,0,0,0,0,0,"",,"","",0
"Tragopogon dubius","Tragopogon_dubius","Asteraceae","Cichorieae",1,1,0,0,"I",,"May","July",2,2,"insects","B` (flower associations with totally hidden nectar)Typical pollinators: bees, bumble bees, wasps, bombylides, syrphids",1,"BioFlor- 2018",0,0,0,0,0,0,0,0,0,0,"",,"","",0
"Tragopogon pratensis","Tragopogon_pratensis","Asteraceae","Cichorieae",1,0,0,1,"I",,"May","July",2,2,"insects","B` (flower associations with totally hidden nectar)Typical pollinators: bees, bumble bees, wasps, bombylides, syrphids",1,"BioFlor- 2018",0,0,0,0,0,0,0,0,0,0,"",,"","",0
"Trifolium arvense","Trifolium_arvense","Fabaceae","Trifolieae",33,8,10,15,"I",,"June","September",3,3,"insects-selfing","H (hymenoptere flowers)Typical pollinators: hymenopteres",1,"BioFlor- 2018",0,1,1,3,0,0,0,0,0,0,"",,"","similar to Trifolium pratense",1
"Trifolium campestre","Trifolium_campestre","Fabaceae","Trifolieae",11,1,5,5,"I",,"June","September",3,3,"insects","H (hymenoptere flowers)Typical pollinators: hymenopteres",1,"BioFlor- 2018",0,1,1,3,0,0,0,0,0,0,"",,"","similar to Trifolium pratense",1
"Trifolium dubium","Trifolium_dubium","Fabaceae","Trifolieae",4,0,2,2,"I",,"May","September",4,3,"insects","H (hymenoptere flowers)Typical pollinators: hymenopteres",1,"BioFlor- 2018",0,1,1,3,0,0,0,0,0,0,"",,"","similar to Trifolium pratense",1
"Trifolium pratense","Trifolium_pratense","Fabaceae","Trifolieae",2,1,0,1,"I",,"June","September",3,3,"insects","Hh (bumble bee flowers)Typical pollinators: bumble bees",1,"BioFlor- 2018",1,1,2,6,0,0,0,0,0,1,"",1090,"Bousquet et al. 1984; Lucas & Buckley 1989","Lucas and Bousquet Show high (c. 13%) prevalence of skin test reaction",1
"Trifolium repens","Trifolium_repens","Fabaceae","Trifolieae",6,2,2,2,"I",,"May","September",4,3,"insects","Hb (bee flowers )Typical pollinators: bees",1,"BioFlor- 2018",1,1,1,3,0,0,0,0,0,1,"",1094,"","similar to Trifolium pratense",1
"Trifolium striatum","Trifolium_striatum","Fabaceae","Trifolieae",1,0,1,0,"N",1977,"June","July",1,1,"insects","H (hymenoptere flowers)Typical pollinators: hymenopteres",1,"BioFlor- 2018",0,1,1,1,0,0,0,0,0,0,"",,"","similar to Trifolium pratense",1
"Turritis glabra","Turritis_glabra","Brassicaceae","Turritideae",2,0,2,0,"I",,"May","July",2,2,"insects-selfing","AB (flowers with partly hidden nectar)Typical pollinators: syrphids, bees",1,"BioFlor- 2018",0,0,0,0,0,0,0,0,0,0,"",,"","",0
"Verbascum lychnitis","Verbascum_lychnitis","Scrophulariaceae","Scrophularieae",3,0,3,0,"I",,"June","August",2,2,"insects","Po (pollen flowers)Typical pollinators: short tongued bees, syrphids, flies, beetles",1,"BioFlor- 2018",0,0,0,0,0,0,0,0,0,1,"",,"Bikakci 2006","anecdotal evidence only",0
"Verbascum nigrum","Verbascum_nigrum","Scrophulariaceae","Scrophularieae",2,1,1,0,"I",,"June","September",3,3,"insects","Po (pollen flowers)Typical pollinators: short tongued bees, syrphids, flies, beetles",1,"BioFlor- 2018",0,0,0,0,0,0,0,0,0,1,"",,"Bikakci 2006","anecdotal evidence only",0
"Veronica arvensis","Veronica_arvensis","Plantaginaceae","Veroniceae",41,15,12,14,"A",,"March","October",7,3,"insects-selfing","B (flowers with totally hidden nectar)Typical pollinators: bees, bumblebees, wasps, bombylides, syrphids",1,"BioFlor- 2018",0,0,0,0,0,0,0,0,0,0,"",,"","",0
"Veronica chamaedrys","Veronica_chamaedrys","Plantaginaceae","Veroniceae",5,3,2,0,"I",,"May","July",2,2,"insects","Ds (syrphid flowers)Typical pollinators: syrphids",1,"BioFlor- 2018",0,0,0,0,0,0,0,0,0,0,"",,"","",0
"Veronica officinalis","Veronica_officinalis","Plantaginaceae","Veroniceae",1,0,1,0,"I",,"June","August",2,2,"insects","B (flowers with totally hidden nectar)Typical pollinators: bees, bumblebees, wasps, bombylides, syrphids",1,"BioFlor- 2018",0,0,0,0,0,0,0,0,0,0,"",,"","",0
"Veronica prostrata","Veronica_prostrata","Plantaginaceae","Veroniceae",1,1,0,0,"I",,"April","July",3,3,"insects","B (flowers with totally hidden nectar)Typical pollinators: bees, bumblebees, wasps, bombylides, syrphids",1,"BioFlor- 2018",0,0,0,0,0,0,0,0,0,0,"",,"","",0
"Veronica sublobata","Veronica_hederifolia","Plantaginaceae","Veroniceae",12,5,1,6,"I",,"March","May",2,2,"selfing",,0,"BioFlor- 2018",0,0,0,0,0,0,0,0,0,0,"",,"","",0
"Vicia angustifolia","Vicia_sativa_subsp._cordata","Fabaceae","Fabeae",27,11,9,7,"A",,"May","July",2,2,"insects","H (hymenoptere flowers)Typical pollinators: hymenopteres",1,"BioFlor- 2018",0,0,0,0,0,0,0,0,0,0,"",,"","limited evidence on Vicia Sativa (Picon et al. 1991); FDA =  1261",0
"Vicia cracca","Vicia_cracca","Fabaceae","Fabeae",1,0,1,0,"I",,"June","August",2,2,"insects","H (hymenoptere flowers)Typical pollinators: hymenopteres",1,"BioFlor- 2018",0,0,0,0,0,0,0,0,0,0,"",,"","limited evidence on Vicia Sativa (Picon et al. 1991); FDA =  1261",0
"Vicia hirsuta","Vicia_hirsuta","Fabaceae","Fabeae",23,7,11,5,"A",,"June","July",1,1,"insects-selfing","H (hymenoptere flowers)Typical pollinators: hymenopteres",1,"BioFlor- 2018",0,0,0,0,0,0,0,0,0,0,"",,"","pollen : limited evidence on Vicia Sativa (Picon et al. 1991); FDA =  1261: severe contact allergy - Occupational allergic contact dermatitis caused by weeds of the Compositae, Fabaceae and Rosaceae plant families",0
"Vicia lathyroides","Vicia_lathyroides","Fabaceae","Fabeae",27,8,7,12,"I",,"April","June",2,2,"insects","H (hymenoptere flowers)Typical pollinators: hymenopteres",1,"BioFlor- 2018",0,0,0,0,0,0,0,0,0,0,"",,"","limited evidence on Vicia Sativa (Picon et al. 1991); FDA =  1261",0
"Vicia sepium","Vicia_sepium","Fabaceae","Fabeae",1,0,1,0,"I",,"May","June",1,1,"insects","H (hymenoptere flowers)Typical pollinators: hymenopteres",1,"BioFlor- 2018",0,0,0,0,0,0,0,0,0,0,"",,"","limited evidence on Vicia Sativa (Picon et al. 1991); FDA =  1261",0
"Vicia tetrasperma","Vicia_tetrasperma","Fabaceae","Fabeae",2,0,2,0,"A",,"June","July",1,1,"insects-selfing","H (hymenoptere flowers)Typical pollinators: hymenopteres",1,"BioFlor- 2018",0,0,0,0,0,0,0,0,0,0,"",,"","limited evidence on Vicia Sativa (Picon et al. 1991); FDA =  1261",0
"Vicia villosa","Vicia_villosa","Fabaceae","Fabeae",7,1,2,4,"A",,"June","September",3,3,"insects","H (hymenoptere flowers)Typical pollinators: hymenopteres",1,"BioFlor- 2018",0,0,0,0,0,0,0,0,0,0,"",,"","limited evidence on Vicia Sativa (Picon et al. 1991); FDA =  1261",0
"Viola arvensis","Viola_arvensis","Violaceae",,2,1,1,0,"A",,"April","October",6,3,"insects","Hb (bee flowers )Typical pollinators: bees",1,"BioFlor- 2018",0,0,0,0,0,0,0,0,0,0,"",,"","",0
"Viola canina","Viola_canina","Violaceae",,3,1,2,0,"I",,"May","June",1,1,"insects","Hb (bee flowers )Typical pollinators: bees",1,"BioFlor- 2018",0,0,0,0,0,0,0,0,0,0,"",,"","",0
"Viola suavis","Viola_suavis","Violaceae",,1,0,1,0,"N",1899,"March","April",1,1,"insects","Hb (bee flowers )Typical pollinators: bees",1,"BioFlor- 2018",0,0,0,0,0,0,0,0,0,0,"",,"","",0
"Viola tricolor","Viola_tricolor","Violaceae",,1,1,0,0,"A",,"April","September",5,3,"insects","Hb (bee flowers )Typical pollinators: bees",1,"BioFlor- 2018",0,0,0,0,0,0,0,0,0,0,"",,"","",0
